ts,price,size,side,trade_id
'2025-05-21 19:35:28.927,0.000013167,3480366,buy,114427451
'2025-05-21 19:35:29.054,0.000013167,70000000,buy,114427452
'2025-05-21 19:35:29.054,0.000013168,8758818,buy,114427453
'2025-05-21 19:35:29.054,0.000013168,334861,buy,114427454
'2025-05-21 19:35:29.553,0.000013173,16211891,sell,114427456
'2025-05-21 19:35:30.841,0.000013173,10000000,buy,114427457
'2025-05-21 19:35:33.309,0.000013175,30000000,buy,114427458
'2025-05-21 19:35:33.363,0.000013175,700914,sell,114427459
'2025-05-21 19:35:33.363,0.000013173,150000,sell,114427460
'2025-05-21 19:35:33.363,0.000013172,5149086,sell,114427462
'2025-05-21 19:35:34.849,0.000013174,27101133,buy,114427463
'2025-05-21 19:35:34.850,0.000013174,26580017,buy,114427464
'2025-05-21 19:35:34.850,0.000013174,16793799,buy,114427465
'2025-05-21 19:35:34.850,0.000013174,19525051,buy,114427466
'2025-05-21 19:35:35.788,0.000013175,31796700,buy,114427467
'2025-05-21 19:35:36.263,0.000013173,150000000,buy,114427468
'2025-05-21 19:35:37.268,0.000013177,98150700,buy,114427469
'2025-05-21 19:35:37.268,0.000013177,11849300,buy,114427470
'2025-05-21 19:35:37.305,0.000013179,15985431,sell,114427472
'2025-05-21 19:35:37.305,0.000013179,226460,sell,114427473
'2025-05-21 19:35:38.933,0.000013181,67456545,buy,114427476
'2025-05-21 19:35:44.212,0.000013181,37439950,buy,114427477
'2025-05-21 19:35:46.613,0.000013187,151664,buy,114427478
'2025-05-21 19:35:47.253,0.000013183,687435,sell,114427479
'2025-05-21 19:35:47.253,0.000013182,350000,sell,114427481
'2025-05-21 19:35:47.253,0.000013181,13962565,sell,114427483
'2025-05-21 19:35:47.666,0.000013181,10851754,buy,114427484
'2025-05-21 19:35:48.305,0.000013181,104932858,buy,114427485
'2025-05-21 19:35:49.114,0.000013182,37884600,sell,114427486
'2025-05-21 19:35:49.148,0.00001318,31799263,sell,114427488
'2025-05-21 19:35:49.937,0.000013181,37886194,buy,114427491
'2025-05-21 19:35:50.899,0.000013179,8800000,sell,114427492
'2025-05-21 19:35:52.871,0.000013177,40137043,buy,114427494
'2025-05-21 19:35:53.218,0.000013176,36589556,sell,114427497
'2025-05-21 19:35:53.225,0.000013171,1000000,sell,114427498
'2025-05-21 19:35:59.132,0.00001317,5974234,sell,114427500
'2025-05-21 19:35:59.134,0.000013167,150000,sell,114427501
'2025-05-21 19:35:59.134,0.000013166,150000,sell,114427502
'2025-05-21 19:35:59.134,0.000013165,700000,sell,114427503
'2025-05-21 19:36:01.514,0.00001317,39838088,buy,114427504
'2025-05-21 19:36:01.514,0.00001317,45347941,buy,114427506
'2025-05-21 19:36:02.005,0.000013169,665576,sell,114427508
'2025-05-21 19:36:02.005,0.000013168,334424,sell,114427509
'2025-05-21 19:36:02.729,0.000013173,936744,sell,114427510
'2025-05-21 19:36:02.730,0.000013176,44495231,buy,114427511
'2025-05-21 19:36:06.216,0.000013178,1998178,sell,114427512
'2025-05-21 19:36:06.217,0.000013178,1998178,sell,114427513
'2025-05-21 19:36:06.217,0.000013178,1998178,sell,114427514
'2025-05-21 19:36:06.220,0.000013178,1998178,sell,114427515
'2025-05-21 19:36:07.035,0.000013181,104760811,buy,114427516
'2025-05-21 19:36:07.035,0.000013181,21069156,buy,114427517
'2025-05-21 19:36:07.035,0.000013181,13890936,buy,114427518
'2025-05-21 19:36:07.035,0.000013181,113966325,buy,114427519
'2025-05-21 19:36:07.035,0.000013181,25003685,buy,114427520
'2025-05-21 19:36:07.036,0.000013181,60539396,buy,114427522
'2025-05-21 19:36:07.038,0.000013181,3473953,buy,114427523
'2025-05-21 19:36:07.304,0.000013188,38421999,buy,114427525
'2025-05-21 19:36:07.305,0.000013188,39534546,buy,114427526
'2025-05-21 19:36:07.312,0.000013189,150000,buy,114427527
'2025-05-21 19:36:10.037,0.000013197,1445969,buy,114427529
'2025-05-21 19:36:12.911,0.000013208,31374042,buy,114427530
'2025-05-21 19:36:12.911,0.000013209,6481312,buy,114427531
'2025-05-21 19:36:13.484,0.000013205,5000000,sell,114427532
'2025-05-21 19:36:13.484,0.000013205,2000000,sell,114427533
'2025-05-21 19:36:13.486,0.000013205,104900000,sell,114427534
'2025-05-21 19:36:13.492,0.000013204,309347,sell,114427535
'2025-05-21 19:36:13.755,0.0000132,22438187,sell,114427537
'2025-05-21 19:36:18.003,0.000013209,75705958,buy,114427540
'2025-05-21 19:36:18.556,0.00001321,8297609,sell,114427541
'2025-05-21 19:36:18.556,0.000013207,29502391,sell,114427543
'2025-05-21 19:36:19.141,0.000013206,31374042,buy,114427544
'2025-05-21 19:36:19.141,0.000013208,150000,buy,114427545
'2025-05-21 19:36:19.141,0.000013209,150000,buy,114427546
'2025-05-21 19:36:19.141,0.00001321,6185605,buy,114427547
'2025-05-21 19:36:21.341,0.0000132,309345,sell,114427548
'2025-05-21 19:36:21.341,0.000013199,37490655,sell,114427549
'2025-05-21 19:36:21.374,0.000013199,232009,sell,114427550
'2025-05-21 19:36:21.374,0.000013197,34767991,sell,114427551
'2025-05-21 19:36:21.374,0.000013197,2000000,sell,114427552
'2025-05-21 19:36:22.012,0.000013197,118890,sell,114427553
'2025-05-21 19:36:23.598,0.000013192,45000000,buy,114427554
'2025-05-21 19:36:23.635,0.000013191,36900000,sell,114427555
'2025-05-21 19:36:24.352,0.00001318,300000,sell,114427556
'2025-05-21 19:36:24.876,0.000013176,37970838,sell,114427557
'2025-05-21 19:36:24.925,0.000013176,3132768,buy,114427558
'2025-05-21 19:36:24.925,0.000013177,71524042,buy,114427561
'2025-05-21 19:36:24.925,0.000013178,150000,buy,114427562
'2025-05-21 19:36:24.925,0.000013179,150000,buy,114427563
'2025-05-21 19:36:24.925,0.00001318,22178400,buy,114427572
'2025-05-21 19:36:24.925,0.00001318,79,buy,114427573
'2025-05-21 19:36:24.925,0.000013181,16389421,buy,114427574
'2025-05-21 19:36:24.930,0.000013181,150000,buy,114427575
'2025-05-21 19:36:24.966,0.000013183,8472539,sell,114427576
'2025-05-21 19:36:25.688,0.000013186,10000000,buy,114427577
'2025-05-21 19:36:25.688,0.000013187,150000,buy,114427578
'2025-05-21 19:36:25.688,0.000013188,150000,buy,114427579
'2025-05-21 19:36:25.688,0.000013189,150000,buy,114427580
'2025-05-21 19:36:25.688,0.00001319,27460606,buy,114427581
'2025-05-21 19:36:27.747,0.000013193,1628722,buy,114427582
'2025-05-21 19:36:27.906,0.000013193,42161167,buy,114427586
'2025-05-21 19:36:27.914,0.000013195,7956545,buy,114427587
'2025-05-21 19:36:28.289,0.000013191,18956000,sell,114427588
'2025-05-21 19:36:29.490,0.000013195,37893141,buy,114427589
'2025-05-21 19:36:29.502,0.000013195,37026645,sell,114427592
'2025-05-21 19:36:30.584,0.00001319,50200000,sell,114427594
'2025-05-21 19:36:31.516,0.000013197,7992725,sell,114427595
'2025-05-21 19:36:31.516,0.000013197,304884,sell,114427596
'2025-05-21 19:36:31.707,0.000013198,24684430,sell,114427599
'2025-05-21 19:36:34.370,0.000013198,37884527,buy,114427600
'2025-05-21 19:36:34.541,0.000013197,7914282,sell,114427601
'2025-05-21 19:36:35.317,0.000013193,300000,sell,114427602
'2025-05-21 19:36:35.506,0.00001319,927476,sell,114427603
'2025-05-21 19:36:36.570,0.000013182,16097951,sell,114427604
'2025-05-21 19:36:36.653,0.00001318,5000000,sell,114427605
'2025-05-21 19:36:36.653,0.00001318,5000000,sell,114427606
'2025-05-21 19:36:36.760,0.00001318,120319380,sell,114427607
'2025-05-21 19:36:36.763,0.000013177,150000,sell,114427608
'2025-05-21 19:36:36.763,0.000013176,4850000,sell,114427609
'2025-05-21 19:36:36.763,0.000013176,5000000,sell,114427610
'2025-05-21 19:36:39.216,0.000013182,1601200,buy,114427611
'2025-05-21 19:36:39.305,0.000013181,16211891,sell,114427613
'2025-05-21 19:36:40.133,0.000013181,10000000,buy,114427614
'2025-05-21 19:36:40.312,0.000013185,150000000,buy,114427615
'2025-05-21 19:36:40.312,0.000013186,150000,buy,114427616
'2025-05-21 19:36:40.312,0.000013187,41078548,buy,114427617
'2025-05-21 19:36:40.335,0.000013186,15985439,sell,114427619
'2025-05-21 19:36:40.335,0.000013186,226452,sell,114427620
'2025-05-21 19:36:40.776,0.000013186,1201833,sell,114427621
'2025-05-21 19:36:40.916,0.000013187,10000000,buy,114427622
'2025-05-21 19:36:40.916,0.000013188,150000,buy,114427623
'2025-05-21 19:36:40.916,0.000013189,4808960,buy,114427624
'2025-05-21 19:36:41.882,0.000013192,7914282,sell,114427625
'2025-05-21 19:36:43.594,0.000013188,37913254,buy,114427626
'2025-05-21 19:36:45.867,0.000013189,30000000,buy,114427627
'2025-05-21 19:36:45.867,0.00001319,150000,buy,114427628
'2025-05-21 19:36:45.867,0.000013191,7870959,buy,114427630
'2025-05-21 19:36:45.979,0.000013189,150000000,buy,114427631
'2025-05-21 19:36:45.979,0.00001319,150000,buy,114427632
'2025-05-21 19:36:49.251,0.000013195,112040258,buy,114427635
'2025-05-21 19:36:49.276,0.000013196,46020129,buy,114427636
'2025-05-21 19:36:49.276,0.000013201,6979871,buy,114427637
'2025-05-21 19:36:49.693,0.0000132,10922047,buy,114427638
'2025-05-21 19:36:50.104,0.0000132,556350,sell,114427639
'2025-05-21 19:36:50.104,0.000013199,150000,sell,114427640
'2025-05-21 19:36:50.104,0.000013198,36293650,sell,114427641
'2025-05-21 19:36:50.599,0.000013202,84478512,buy,114427642
'2025-05-21 19:36:53.626,0.000013211,283143,buy,114427643
'2025-05-21 19:36:55.050,0.000013211,10000000,buy,114427644
'2025-05-21 19:36:55.063,0.000013214,211949674,buy,114427645
'2025-05-21 19:36:55.065,0.000013214,105114377,buy,114427646
'2025-05-21 19:36:55.071,0.000013214,167317805,buy,114427649
'2025-05-21 19:36:55.085,0.000013216,150000,buy,114427650
'2025-05-21 19:36:55.085,0.000013217,1331,buy,114427651
'2025-05-21 19:36:55.222,0.000013218,16211891,sell,114427653
'2025-05-21 19:36:56.865,0.000013219,15985475,sell,114427655
'2025-05-21 19:36:56.866,0.000013219,226416,sell,114427656
'2025-05-21 19:36:56.870,0.000013216,2759887,sell,114427657
'2025-05-21 19:36:57.005,0.000013216,6498923,sell,114427658
'2025-05-21 19:36:57.005,0.000013215,31301077,sell,114427659
'2025-05-21 19:36:57.016,0.000013213,16750000,sell,114427661
'2025-05-21 19:36:57.147,0.000013213,5000000,sell,114427662
'2025-05-21 19:36:57.569,0.000013218,150000,buy,114427663
'2025-05-21 19:36:57.788,0.000013218,74438440,sell,114427664
'2025-05-21 19:36:58.531,0.000013213,45405477,sell,114427665
'2025-05-21 19:36:59.274,0.000013213,3896753,buy,114427666
'2025-05-21 19:37:00.158,0.000013216,70000000,buy,114427667
'2025-05-21 19:37:00.158,0.000013217,150000,buy,114427668
'2025-05-21 19:37:00.158,0.000013218,36484895,buy,114427670
'2025-05-21 19:37:00.158,0.000013219,45150000,buy,114427672
'2025-05-21 19:37:00.158,0.00001322,150000,buy,114427673
'2025-05-21 19:37:00.158,0.000013221,150000,buy,114427674
'2025-05-21 19:37:00.162,0.000013222,45000000,buy,114427675
'2025-05-21 19:37:00.162,0.000013223,84653140,buy,114427679
'2025-05-21 19:37:00.173,0.000013222,26795358,sell,114427680
'2025-05-21 19:37:00.202,0.000013223,57292922,buy,114427683
'2025-05-21 19:37:00.402,0.000013223,16211891,sell,114427685
'2025-05-21 19:37:00.407,0.00001322,37000000,sell,114427686
'2025-05-21 19:37:01.592,0.000013221,16211891,sell,114427688
'2025-05-21 19:37:01.628,0.000013221,5600000,buy,114427689
'2025-05-21 19:37:03.352,0.000013216,495600,sell,114427690
'2025-05-21 19:37:03.400,0.000013216,189078638,sell,114427691
'2025-05-21 19:37:03.817,0.000013213,1724034,sell,114427692
'2025-05-21 19:37:04.347,0.00001321,556520,sell,114427693
'2025-05-21 19:37:04.347,0.000013209,150000,sell,114427694
'2025-05-21 19:37:04.347,0.000013208,18193480,sell,114427695
'2025-05-21 19:37:04.493,0.000013212,40000000,buy,114427696
'2025-05-21 19:37:04.507,0.000013215,2997275,sell,114427697
'2025-05-21 19:37:04.509,0.000013215,2997275,sell,114427698
'2025-05-21 19:37:04.509,0.000013215,2997275,sell,114427699
'2025-05-21 19:37:04.511,0.000013215,2997275,sell,114427700
'2025-05-21 19:37:04.512,0.000013215,719709,sell,114427701
'2025-05-21 19:37:05.554,0.000013216,150000000,buy,114427702
'2025-05-21 19:37:05.554,0.000013218,22842260,buy,114427704
'2025-05-21 19:37:05.554,0.000013219,45150001,buy,114427706
'2025-05-21 19:37:05.554,0.00001322,36484896,buy,114427708
'2025-05-21 19:37:05.554,0.000013221,150000,buy,114427709
'2025-05-21 19:37:05.554,0.000013222,45150000,buy,114427711
'2025-05-21 19:37:05.554,0.000013223,36484896,buy,114427713
'2025-05-21 19:37:05.554,0.000013224,146231341,buy,114427719
'2025-05-21 19:37:05.554,0.000013225,45704669,buy,114427722
'2025-05-21 19:37:05.554,0.000013226,140799113,buy,114427726
'2025-05-21 19:37:05.560,0.000013227,150001,buy,114427727
'2025-05-21 19:37:05.560,0.000013228,45150001,buy,114427729
'2025-05-21 19:37:05.560,0.000013229,150001,buy,114427730
'2025-05-21 19:37:05.560,0.00001323,53106545,buy,114427733
'2025-05-21 19:37:05.560,0.000013231,306760492,buy,114427736
'2025-05-21 19:37:05.560,0.000013232,111793908,buy,114427740
'2025-05-21 19:37:05.560,0.000013233,24513080,buy,114427743
'2025-05-21 19:37:05.560,0.000013234,73824034,buy,114427747
'2025-05-21 19:37:05.560,0.000013235,38323258,buy,114427750
'2025-05-21 19:37:05.560,0.000013236,800415118,buy,114427753
'2025-05-21 19:37:05.560,0.000013237,8156976,buy,114427755
'2025-05-21 19:37:05.560,0.000013238,191267220,buy,114427758
'2025-05-21 19:37:05.562,0.000013226,37026600,sell,114427761
'2025-05-21 19:37:05.562,0.000013226,45,sell,114427762
'2025-05-21 19:37:05.563,0.000013226,18800000,buy,114427763
'2025-05-21 19:37:05.564,0.000013234,37781472,buy,114427764
'2025-05-21 19:37:05.564,0.000013237,28415438,buy,114427765
'2025-05-21 19:37:05.565,0.000013233,21966732,sell,114427766
'2025-05-21 19:37:05.565,0.000013233,4581878,sell,114427767
'2025-05-21 19:37:05.565,0.000013232,17384854,sell,114427769
'2025-05-21 19:37:05.565,0.000013232,20928937,sell,114427770
'2025-05-21 19:37:05.565,0.000013231,1051102,sell,114427771
'2025-05-21 19:37:05.567,0.000013227,21980039,sell,114427772
'2025-05-21 19:37:05.569,0.000013236,18800000,buy,114427773
'2025-05-21 19:37:05.572,0.000013239,1189104,buy,114427778
'2025-05-21 19:37:05.572,0.00001324,52810896,buy,114427783
'2025-05-21 19:37:05.574,0.000013233,37802895,sell,114427784
'2025-05-21 19:37:05.576,0.000013233,21980039,sell,114427785
'2025-05-21 19:37:05.576,0.000013233,21980039,sell,114427786
'2025-05-21 19:37:05.578,0.000013233,37802895,sell,114427787
'2025-05-21 19:37:05.578,0.000013233,37802895,sell,114427788
'2025-05-21 19:37:05.580,0.000013233,37802895,sell,114427789
'2025-05-21 19:37:05.581,0.000013233,37802895,sell,114427790
'2025-05-21 19:37:05.586,0.000013234,26795358,sell,114427792
'2025-05-21 19:37:05.597,0.000013237,18870069,buy,114427793
'2025-05-21 19:37:05.598,0.000013237,30629931,buy,114427794
'2025-05-21 19:37:05.598,0.000013238,895652,buy,114427795
'2025-05-21 19:37:05.598,0.000013239,56581014,buy,114427797
'2025-05-21 19:37:05.615,0.000013236,489265,sell,114427798
'2025-05-21 19:37:05.615,0.000013235,21262500,sell,114427799
'2025-05-21 19:37:05.616,0.000013234,102523443,sell,114427801
'2025-05-21 19:37:05.753,0.000013235,54000000,buy,114427804
'2025-05-21 19:37:05.831,0.000013237,13204044,buy,114427805
'2025-05-21 19:37:05.831,0.000013237,44037391,buy,114427806
'2025-05-21 19:37:05.831,0.000013237,77021031,buy,114427807
'2025-05-21 19:37:05.872,0.000013241,347505,sell,114427808
'2025-05-21 19:37:05.883,0.000013241,201785,sell,114427809
'2025-05-21 19:37:06.585,0.000013243,1003900,buy,114427813
'2025-05-21 19:37:06.592,0.000013243,22,buy,114427814
'2025-05-21 19:37:06.599,0.000013244,151011,buy,114427815
'2025-05-21 19:37:06.637,0.000013244,906204,buy,114427816
'2025-05-21 19:37:06.890,0.000013243,1540297,sell,114427818
'2025-05-21 19:37:06.952,0.000013244,463400,buy,114427820
'2025-05-21 19:37:06.952,0.000013244,55,buy,114427821
'2025-05-21 19:37:06.952,0.000013245,392804,buy,114427822
'2025-05-21 19:37:06.952,0.000013246,305645,buy,114427823
'2025-05-21 19:37:06.952,0.000013247,253987,buy,114427824
'2025-05-21 19:37:06.953,0.000013248,205482,buy,114427825
'2025-05-21 19:37:07.265,0.000013247,188637183,sell,114427826
'2025-05-21 19:37:07.265,0.000013246,18800000,sell,114427827
'2025-05-21 19:37:07.385,0.000013246,10000000,buy,114427828
'2025-05-21 19:37:07.387,0.000013249,45731971,buy,114427837
'2025-05-21 19:37:07.390,0.000013249,77745718,buy,114427838
'2025-05-21 19:37:07.390,0.000013249,24005327,buy,114427839
'2025-05-21 19:37:07.394,0.00001325,85922200,buy,114427853
'2025-05-21 19:37:07.395,0.00001325,11198261,buy,114427854
'2025-05-21 19:37:07.395,0.00001325,79648561,buy,114427855
'2025-05-21 19:37:07.399,0.000013253,414365,buy,114427857
'2025-05-21 19:37:07.404,0.000013254,27442395,buy,114427868
'2025-05-21 19:37:08.594,0.000013253,5000000,sell,114427869
'2025-05-21 19:37:08.594,0.000013253,5000000,sell,114427870
'2025-05-21 19:37:09.714,0.000013255,25999161,buy,114427872
'2025-05-21 19:37:09.717,0.000013255,25999100,buy,114427873
'2025-05-21 19:37:09.717,0.000013255,25999100,buy,114427874
'2025-05-21 19:37:09.717,0.000013255,301100,buy,114427875
'2025-05-21 19:37:09.729,0.000013255,22335344,buy,114427876
'2025-05-21 19:37:09.732,0.000013256,301140,buy,114427877
'2025-05-21 19:37:09.814,0.000013256,18000000,sell,114427879
'2025-05-21 19:37:09.814,0.000013256,19026645,sell,114427881
'2025-05-21 19:37:09.814,0.000013255,17973355,sell,114427882
'2025-05-21 19:37:09.824,0.000013254,18000000,sell,114427883
'2025-05-21 19:37:09.856,0.000013254,37700000,sell,114427885
'2025-05-21 19:37:09.861,0.000013254,37713000,sell,114427886
'2025-05-21 19:37:09.862,0.000013254,120424603,sell,114427887
'2025-05-21 19:37:09.867,0.000013253,150000,sell,114427888
'2025-05-21 19:37:09.867,0.000013252,150000,sell,114427889
'2025-05-21 19:37:09.867,0.000013251,4700000,sell,114427890
'2025-05-21 19:37:09.867,0.000013251,5000000,sell,114427891
'2025-05-21 19:37:10.065,0.00001325,45000000,sell,114427892
'2025-05-21 19:37:10.271,0.000013249,18494957,buy,114427893
'2025-05-21 19:37:10.541,0.000013249,31508692,buy,114427894
'2025-05-21 19:37:10.557,0.000013249,13995143,buy,114427895
'2025-05-21 19:37:10.619,0.000013249,9396149,buy,114427896
'2025-05-21 19:37:10.737,0.000013249,69442177,sell,114427900
'2025-05-21 19:37:10.737,0.000013248,95972903,sell,114427904
'2025-05-21 19:37:10.739,0.000013251,1074857,sell,114427905
'2025-05-21 19:37:10.739,0.000013246,45150000,sell,114427907
'2025-05-21 19:37:10.739,0.000013245,45417644,sell,114427909
'2025-05-21 19:37:10.772,0.000013245,37700000,sell,114427910
'2025-05-21 19:37:11.561,0.00001325,27001574,buy,114427911
'2025-05-21 19:37:11.561,0.00001325,22998426,buy,114427912
'2025-05-21 19:37:11.680,0.000013252,16211891,sell,114427914
'2025-05-21 19:37:11.683,0.000013251,289707,sell,114427915
'2025-05-21 19:37:11.683,0.00001325,536277,sell,114427917
'2025-05-21 19:37:11.683,0.000013249,150000,sell,114427918
'2025-05-21 19:37:11.683,0.000013248,36724016,sell,114427920
'2025-05-21 19:37:11.694,0.000013248,4000000,sell,114427921
'2025-05-21 19:37:12.746,0.000013247,13300000,sell,114427923
'2025-05-21 19:37:12.746,0.000013246,45150000,sell,114427925
'2025-05-21 19:37:12.746,0.000013245,188808031,sell,114427927
'2025-05-21 19:37:12.746,0.000013244,150000,sell,114427928
'2025-05-21 19:37:12.763,0.000013241,24406364,sell,114427929
'2025-05-21 19:37:12.782,0.000013241,37700000,sell,114427931
'2025-05-21 19:37:13.079,0.000013246,10000000,buy,114427932
'2025-05-21 19:37:13.092,0.000013245,761250,sell,114427933
'2025-05-21 19:37:13.164,0.000013246,15200000,sell,114427935
'2025-05-21 19:37:13.213,0.000013246,10000000,sell,114427936
'2025-05-21 19:37:13.213,0.000013245,27700000,sell,114427937
'2025-05-21 19:37:13.283,0.000013244,306422,sell,114427938
'2025-05-21 19:37:13.283,0.000013243,552284,sell,114427939
'2025-05-21 19:37:13.515,0.000013249,16211891,sell,114427941
'2025-05-21 19:37:14.901,0.000013245,1190908,sell,114427943
'2025-05-21 19:37:14.926,0.000013245,603200,sell,114427944
'2025-05-21 19:37:16.872,0.000013253,59126074,buy,114427945
'2025-05-21 19:37:16.872,0.000013253,10873926,buy,114427946
'2025-05-21 19:37:17.007,0.000013254,216515,sell,114427947
'2025-05-21 19:37:17.044,0.000013256,36721157,buy,114427948
'2025-05-21 19:37:17.732,0.000013255,148797,sell,114427949
'2025-05-21 19:37:17.735,0.000013252,151714,sell,114427950
'2025-05-21 19:37:17.735,0.000013251,11848286,sell,114427952
'2025-05-21 19:37:18.223,0.000013254,7914282,sell,114427953
'2025-05-21 19:37:18.224,0.000013252,45000000,sell,114427954
'2025-05-21 19:37:18.229,0.00001325,1000000,sell,114427956
'2025-05-21 19:37:18.379,0.00001325,6000000,sell,114427957
'2025-05-21 19:37:18.379,0.00001325,6000000,sell,114427958
'2025-05-21 19:37:18.425,0.000013251,6000000,sell,114427959
'2025-05-21 19:37:18.425,0.000013251,1914282,sell,114427960
'2025-05-21 19:37:18.425,0.00001325,4085718,sell,114427961
'2025-05-21 19:37:19.313,0.000013252,94300000,sell,114427962
'2025-05-21 19:37:19.623,0.00001325,114000000,sell,114427963
'2025-05-21 19:37:19.630,0.000013248,5000000,sell,114427964
'2025-05-21 19:37:19.630,0.000013248,5000000,sell,114427965
'2025-05-21 19:37:19.635,0.000013248,3056317,sell,114427966
'2025-05-21 19:37:19.635,0.000013247,150000,sell,114427967
'2025-05-21 19:37:19.635,0.000013246,150000,sell,114427968
'2025-05-21 19:37:19.635,0.000013245,24643683,sell,114427969
'2025-05-21 19:37:21.856,0.000013247,94500000,buy,114427971
'2025-05-21 19:37:21.856,0.000013248,119500000,buy,114427973
'2025-05-21 19:37:21.856,0.000013249,45000000,buy,114427974
'2025-05-21 19:37:21.876,0.00001325,16211891,sell,114427976
'2025-05-21 19:37:21.876,0.000013249,20814754,sell,114427978
'2025-05-21 19:37:22.052,0.000013246,901764,sell,114427979
'2025-05-21 19:37:22.213,0.000013244,150000,sell,114427980
'2025-05-21 19:37:22.213,0.000013243,18730000,sell,114427981
'2025-05-21 19:37:22.719,0.00001325,150000000,buy,114427982
'2025-05-21 19:37:23.632,0.000013253,23044385,buy,114427983
'2025-05-21 19:37:23.633,0.000013253,66955615,buy,114427984
'2025-05-21 19:37:23.810,0.000013253,1526775,sell,114427985
'2025-05-21 19:37:24.212,0.000013256,1504900,buy,114427986
'2025-05-21 19:37:24.222,0.000013256,90,buy,114427987
'2025-05-21 19:37:24.419,0.000013257,202365000,buy,114427988
'2025-05-21 19:37:25.067,0.000013255,4000000,sell,114427989
'2025-05-21 19:37:25.067,0.000013253,150000,sell,114427990
'2025-05-21 19:37:25.067,0.000013252,33550000,sell,114427991
'2025-05-21 19:37:25.176,0.000013253,111598,sell,114427992
'2025-05-21 19:37:25.176,0.000013252,150000,sell,114427993
'2025-05-21 19:37:25.176,0.000013251,36738402,sell,114427994
'2025-05-21 19:37:25.199,0.000013251,6000000,sell,114427995
'2025-05-21 19:37:25.203,0.000013251,6000000,sell,114427996
'2025-05-21 19:37:26.346,0.000013251,37000000,sell,114427997
'2025-05-21 19:37:26.379,0.000013251,37000000,sell,114427998
'2025-05-21 19:37:26.380,0.000013251,6000000,sell,114427999
'2025-05-21 19:37:26.380,0.000013251,6000000,sell,114428000
'2025-05-21 19:37:26.894,0.000013251,37700000,sell,114428001
'2025-05-21 19:37:26.924,0.000013251,102391969,sell,114428002
'2025-05-21 19:37:26.925,0.000013251,23265244,sell,114428004
'2025-05-21 19:37:26.926,0.000013249,150000,sell,114428005
'2025-05-21 19:37:26.926,0.000013248,5850000,sell,114428006
'2025-05-21 19:37:26.926,0.000013248,6000000,sell,114428007
'2025-05-21 19:37:26.929,0.000013248,150001,sell,114428008
'2025-05-21 19:37:31.222,0.000013248,140000000,buy,114428010
'2025-05-21 19:37:31.398,0.000013252,72900000,sell,114428011
'2025-05-21 19:37:31.556,0.000013253,16386821,sell,114428013
'2025-05-21 19:37:32.589,0.000013249,9054736,sell,114428014
'2025-05-21 19:37:33.789,0.000013252,13100000,sell,114428015
'2025-05-21 19:37:35.998,0.000013248,35970108,buy,114428018
'2025-05-21 19:37:36.051,0.000013247,7007271,buy,114428019
'2025-05-21 19:37:36.707,0.000013246,1700000,sell,114428020
'2025-05-21 19:37:36.707,0.000013243,150000,sell,114428021
'2025-05-21 19:37:36.707,0.000013242,150000,sell,114428022
'2025-05-21 19:37:39.590,0.000013241,4473464,sell,114428024
'2025-05-21 19:37:39.590,0.00001324,32526536,sell,114428025
'2025-05-21 19:37:39.987,0.00001324,37700000,sell,114428026
'2025-05-21 19:37:40.027,0.00001324,166363788,sell,114428027
'2025-05-21 19:37:40.040,0.000013237,37700000,sell,114428028
'2025-05-21 19:37:41.712,0.000013229,200000,sell,114428029
'2025-05-21 19:37:41.992,0.00001323,101674643,buy,114428032
'2025-05-21 19:37:41.994,0.00001323,5524471,buy,114428033
'2025-05-21 19:37:43.077,0.000013234,585931,buy,114428034
'2025-05-21 19:37:45.912,0.00001324,76211891,sell,114428037
'2025-05-21 19:37:45.953,0.000013236,18590526,sell,114428038
'2025-05-21 19:37:45.953,0.000013235,69480494,sell,114428040
'2025-05-21 19:37:47.150,0.000013241,94500000,buy,114428042
'2025-05-21 19:37:47.150,0.000013242,119500000,buy,114428044
'2025-05-21 19:37:47.150,0.000013243,150000,buy,114428045
'2025-05-21 19:37:47.150,0.000013244,45150001,buy,114428047
'2025-05-21 19:37:47.150,0.000013245,136446118,buy,114428050
'2025-05-21 19:37:47.150,0.000013246,145601204,buy,114428054
'2025-05-21 19:37:47.150,0.000013247,100725038,buy,114428056
'2025-05-21 19:37:47.150,0.000013248,145725038,buy,114428059
'2025-05-21 19:37:47.150,0.000013249,100725038,buy,114428061
'2025-05-21 19:37:47.150,0.00001325,232799236,buy,114428064
'2025-05-21 19:37:47.150,0.000013251,10774772,buy,114428065
'2025-05-21 19:37:48.569,0.00001324,18300000,sell,114428066
'2025-05-21 19:37:48.589,0.000013236,37700000,sell,114428067
'2025-05-21 19:37:49.147,0.000013247,55716987,buy,114428068
'2025-05-21 19:37:49.147,0.000013247,48359846,buy,114428069
'2025-05-21 19:37:49.147,0.000013247,25460934,buy,114428070
'2025-05-21 19:37:49.148,0.000013247,59109690,buy,114428071
'2025-05-21 19:37:49.148,0.000013248,87186511,buy,114428073
'2025-05-21 19:37:49.149,0.000013249,150001,buy,114428074
'2025-05-21 19:37:49.149,0.00001325,18800000,buy,114428075
'2025-05-21 19:37:49.277,0.000013247,150000,sell,114428076
'2025-05-21 19:37:49.285,0.00001325,8297609,sell,114428077
'2025-05-21 19:37:52.166,0.000013243,19100000,sell,114428079
'2025-05-21 19:37:52.166,0.000013242,17900000,sell,114428081
'2025-05-21 19:37:52.726,0.000013239,773168,sell,114428082
'2025-05-21 19:37:53.095,0.000013243,42000000,buy,114428083
'2025-05-21 19:37:53.279,0.000013243,28000000,buy,114428084
'2025-05-21 19:37:54.907,0.000013245,200000,sell,114428085
'2025-05-21 19:37:55.027,0.000013249,44880759,buy,114428086
'2025-05-21 19:37:55.858,0.000013249,8991848,sell,114428088
'2025-05-21 19:37:55.858,0.000013249,7220043,sell,114428089
'2025-05-21 19:37:57.506,0.000013251,28,buy,114428090
'2025-05-21 19:37:57.556,0.000013246,37000000,sell,114428091
'2025-05-21 19:37:58.607,0.000013253,168366250,sell,114428092
'2025-05-21 19:37:58.608,0.000013253,131633750,sell,114428093
'2025-05-21 19:37:58.611,0.00001325,4000000,sell,114428094
'2025-05-21 19:38:00.099,0.000013251,5885074,buy,114428095
'2025-05-21 19:38:00.099,0.000013251,64114926,buy,114428096
'2025-05-21 19:38:00.531,0.000013254,10035604,buy,114428098
'2025-05-21 19:38:00.702,0.00001325,37000000,sell,114428099
'2025-05-21 19:38:02.234,0.000013256,15985515,sell,114428101
'2025-05-21 19:38:02.268,0.000013252,4000000,sell,114428102
'2025-05-21 19:38:03.709,0.000013252,37000000,sell,114428103
'2025-05-21 19:38:03.711,0.000013252,263000000,sell,114428105
'2025-05-21 19:38:03.799,0.000013253,11474935,buy,114428106
'2025-05-21 19:38:04.230,0.000013246,1734185,sell,114428107
'2025-05-21 19:38:05.302,0.000013245,37000000,sell,114428108
'2025-05-21 19:38:05.613,0.000013245,6000000,sell,114428109
'2025-05-21 19:38:05.935,0.000013249,21980073,sell,114428111
'2025-05-21 19:38:05.938,0.000013249,2337763,sell,114428112
'2025-05-21 19:38:06.176,0.000013245,6000000,sell,114428113
'2025-05-21 19:38:06.179,0.000013245,259446675,sell,114428115
'2025-05-21 19:38:06.188,0.000013245,34553320,sell,114428117
'2025-05-21 19:38:06.192,0.000013245,5,sell,114428118
'2025-05-21 19:38:06.679,0.000013244,4995469,sell,114428119
'2025-05-21 19:38:06.680,0.000013244,4995469,sell,114428121
'2025-05-21 19:38:06.681,0.000013244,4995469,sell,114428122
'2025-05-21 19:38:06.681,0.000013244,1225484,sell,114428123
'2025-05-21 19:38:07.124,0.000013243,56662681,sell,114428124
'2025-05-21 19:38:07.124,0.000013243,74369770,sell,114428125
'2025-05-21 19:38:07.128,0.000013243,145314658,sell,114428126
'2025-05-21 19:38:07.136,0.000013243,23652800,sell,114428127
'2025-05-21 19:38:07.136,0.000013243,91,sell,114428128
'2025-05-21 19:38:07.146,0.000013238,37000000,sell,114428129
'2025-05-21 19:38:07.150,0.000013238,150000,sell,114428130
'2025-05-21 19:38:07.150,0.000013237,150000,sell,114428131
'2025-05-21 19:38:07.150,0.000013236,700000,sell,114428132
'2025-05-21 19:38:07.438,0.000013245,237350,buy,114428133
'2025-05-21 19:38:07.846,0.000013246,67500000,buy,114428135
'2025-05-21 19:38:07.846,0.000013246,27000000,buy,114428136
'2025-05-21 19:38:07.849,0.000013246,33269832,buy,114428137
'2025-05-21 19:38:07.854,0.000013247,504704137,buy,114428150
'2025-05-21 19:38:07.854,0.00001325,39023540,buy,114428152
'2025-05-21 19:38:07.854,0.000013251,188583880,buy,114428153
'2025-05-21 19:38:07.854,0.000013252,82880154,buy,114428156
'2025-05-21 19:38:07.854,0.000013253,113481921,buy,114428161
'2025-05-21 19:38:07.854,0.000013254,135767331,buy,114428165
'2025-05-21 19:38:07.854,0.000013255,169014623,buy,114428168
'2025-05-21 19:38:07.854,0.000013256,246279335,buy,114428177
'2025-05-21 19:38:08.514,0.000013245,37000000,sell,114428178
'2025-05-21 19:38:08.527,0.000013245,74250000,sell,114428179
'2025-05-21 19:38:08.528,0.000013245,11644200,sell,114428180
'2025-05-21 19:38:08.535,0.000013245,21978406,sell,114428181
'2025-05-21 19:38:08.538,0.000013245,21978406,sell,114428182
'2025-05-21 19:38:08.538,0.000013245,21978406,sell,114428183
'2025-05-21 19:38:08.539,0.000013245,21978406,sell,114428184
'2025-05-21 19:38:08.539,0.000013245,21978406,sell,114428185
'2025-05-21 19:38:08.540,0.000013245,21978406,sell,114428186
'2025-05-21 19:38:08.543,0.000013245,21978406,sell,114428187
'2025-05-21 19:38:08.543,0.000013245,21978406,sell,114428188
'2025-05-21 19:38:08.546,0.000013245,1278552,sell,114428189
'2025-05-21 19:38:08.812,0.000013248,58605641,buy,114428191
'2025-05-21 19:38:08.813,0.000013248,166624035,buy,114428196
'2025-05-21 19:38:08.813,0.000013248,136597399,buy,114428200
'2025-05-21 19:38:08.813,0.000013248,79395056,buy,114428203
'2025-05-21 19:38:08.814,0.000013248,57688280,buy,114428206
'2025-05-21 19:38:08.814,0.000013248,39131708,buy,114428207
'2025-05-21 19:38:08.815,0.000013248,82242247,buy,114428211
'2025-05-21 19:38:08.817,0.00001325,13188045,buy,114428212
'2025-05-21 19:38:08.825,0.000013253,37727307,buy,114428213
'2025-05-21 19:38:08.984,0.000013253,10000000,sell,114428214
'2025-05-21 19:38:09.019,0.000013252,6800000,sell,114428215
'2025-05-21 19:38:10.159,0.000013256,3996378,sell,114428216
'2025-05-21 19:38:10.171,0.000013256,156003622,sell,114428217
'2025-05-21 19:38:11.089,0.000013256,4000000,sell,114428218
'2025-05-21 19:38:11.211,0.000013254,3000000,sell,114428219
'2025-05-21 19:38:11.571,0.000013254,4000000,sell,114428220
'2025-05-21 19:38:11.585,0.000013254,21980081,sell,114428221
'2025-05-21 19:38:11.586,0.000013254,21980081,sell,114428223
'2025-05-21 19:38:11.588,0.000013254,21980081,sell,114428224
'2025-05-21 19:38:11.591,0.000013254,21980081,sell,114428225
'2025-05-21 19:38:11.593,0.000013254,21980081,sell,114428226
'2025-05-21 19:38:11.593,0.000013254,12999595,sell,114428227
'2025-05-21 19:38:13.465,0.000013257,1609564,buy,114428228
'2025-05-21 19:38:13.502,0.000013257,49792417,buy,114428229
'2025-05-21 19:38:13.504,0.000013257,341086111,buy,114428230
'2025-05-21 19:38:13.506,0.000013257,9247200,buy,114428231
'2025-05-21 19:38:13.506,0.000013257,60,buy,114428232
'2025-05-21 19:38:13.512,0.000013258,200535,buy,114428233
'2025-05-21 19:38:13.553,0.000013259,19028697,buy,114428236
'2025-05-21 19:38:13.857,0.000013261,16211891,sell,114428238
'2025-05-21 19:38:13.859,0.000013259,56871423,sell,114428240
'2025-05-21 19:38:13.863,0.000013258,18862000,sell,114428241
'2025-05-21 19:38:13.863,0.000013258,18000000,sell,114428242
'2025-05-21 19:38:13.863,0.000013258,37000000,sell,114428243
'2025-05-21 19:38:13.864,0.000013258,37000000,sell,114428244
'2025-05-21 19:38:13.873,0.000013258,37000000,sell,114428245
'2025-05-21 19:38:13.874,0.000013258,5000000,sell,114428246
'2025-05-21 19:38:13.888,0.000013256,18800000,sell,114428247
'2025-05-21 19:38:13.994,0.000013257,26795358,buy,114428248
'2025-05-21 19:38:14.707,0.000013261,37000000,sell,114428249
'2025-05-21 19:38:15.499,0.000013262,6303100,buy,114428251
'2025-05-21 19:38:15.499,0.000013262,95,buy,114428252
'2025-05-21 19:38:15.502,0.000013263,2946500,buy,114428254
'2025-05-21 19:38:16.544,0.000013262,49500000,sell,114428255
'2025-05-21 19:38:16.544,0.000013261,95250000,sell,114428259
'2025-05-21 19:38:16.544,0.00001326,150000,sell,114428260
'2025-05-21 19:38:16.544,0.000013259,150000,sell,114428261
'2025-05-21 19:38:16.544,0.000013258,94632414,sell,114428264
'2025-05-21 19:38:16.544,0.000013263,43,buy,114428265
'2025-05-21 19:38:17.148,0.000013264,5645818,buy,114428267
'2025-05-21 19:38:17.148,0.000013265,409014,buy,114428268
'2025-05-21 19:38:17.151,0.000013266,1407400,buy,114428271
'2025-05-21 19:38:17.404,0.000013266,55,buy,114428272
'2025-05-21 19:38:17.793,0.000013267,3111612,buy,114428274
'2025-05-21 19:38:17.793,0.000013268,628929,buy,114428275
'2025-05-21 19:38:17.793,0.00001327,1549643,buy,114428277
'2025-05-21 19:38:17.793,0.000013271,585533,buy,114428280
'2025-05-21 19:38:17.793,0.000013272,44170455,buy,114428283
'2025-05-21 19:38:17.794,0.000013273,2450000,buy,114428285
'2025-05-21 19:38:17.794,0.000013274,47142895,buy,114428290
'2025-05-21 19:38:17.795,0.000013275,629048,buy,114428293
'2025-05-21 19:38:17.795,0.000013276,45573646,buy,114428296
'2025-05-21 19:38:17.796,0.000013277,190025069,buy,114428301
'2025-05-21 19:38:17.796,0.000013278,92693505,buy,114428303
'2025-05-21 19:38:17.802,0.000013278,37026645,sell,114428306
'2025-05-21 19:38:17.802,0.000013277,24580232,sell,114428308
'2025-05-21 19:38:17.803,0.000013276,37026645,sell,114428311
'2025-05-21 19:38:17.805,0.000013279,150613,buy,114428312
'2025-05-21 19:38:17.821,0.000013274,24317836,sell,114428314
'2025-05-21 19:38:17.934,0.000013273,8524180,sell,114428317
'2025-05-21 19:38:18.040,0.000013275,1844853,sell,114428318
'2025-05-21 19:38:18.048,0.000013275,22839577,sell,114428321
'2025-05-21 19:38:18.640,0.000013274,32903992,sell,114428324
'2025-05-21 19:38:18.711,0.000013274,7899,sell,114428325
'2025-05-21 19:38:18.746,0.000013269,37600000,sell,114428326
'2025-05-21 19:38:18.756,0.00001327,37669000,buy,114428327
'2025-05-21 19:38:18.924,0.000013275,54150296,buy,114428329
'2025-05-21 19:38:18.924,0.000013276,150000,buy,114428330
'2025-05-21 19:38:18.924,0.000013277,150000,buy,114428331
'2025-05-21 19:38:18.924,0.000013278,4066300,buy,114428333
'2025-05-21 19:38:18.924,0.000013279,53257697,buy,114428337
'2025-05-21 19:38:18.924,0.00001328,271877414,buy,114428344
'2025-05-21 19:38:18.924,0.000013281,45300001,buy,114428347
'2025-05-21 19:38:18.924,0.000013282,41633822,buy,114428349
'2025-05-21 19:38:18.924,0.000013283,416069261,buy,114428362
'2025-05-21 19:38:18.924,0.000013284,113345209,buy,114428367
'2025-05-21 19:38:18.942,0.000013277,17274600,sell,114428370
'2025-05-21 19:38:18.967,0.000013277,796900,sell,114428372
'2025-05-21 19:38:19.013,0.000013277,300000,buy,114428373
'2025-05-21 19:38:19.133,0.000013275,597871,sell,114428374
'2025-05-21 19:38:19.133,0.000013274,37002129,sell,114428375
'2025-05-21 19:38:19.174,0.000013273,448404,sell,114428376
'2025-05-21 19:38:19.385,0.000013269,11021293,sell,114428378
'2025-05-21 19:38:19.611,0.000013272,25569673,sell,114428381
'2025-05-21 19:38:19.629,0.000013267,20000000,sell,114428383
'2025-05-21 19:38:20.319,0.000013271,1832500,sell,114428384
'2025-05-21 19:38:20.321,0.000013271,6000000,sell,114428385
'2025-05-21 19:38:21.033,0.000013273,11432944,buy,114428386
'2025-05-21 19:38:21.154,0.000013276,38354510,sell,114428389
'2025-05-21 19:38:21.352,0.000013274,1575716,sell,114428390
'2025-05-21 19:38:21.364,0.000013274,51415262,sell,114428392
'2025-05-21 19:38:21.867,0.000013275,16984632,sell,114428394
'2025-05-21 19:38:21.868,0.000013275,16984632,sell,114428396
'2025-05-21 19:38:21.869,0.000013275,16984632,sell,114428398
'2025-05-21 19:38:21.869,0.000013275,16984632,sell,114428399
'2025-05-21 19:38:21.870,0.000013275,10622123,sell,114428401
'2025-05-21 19:38:22.023,0.000013278,70088112,sell,114428405
'2025-05-21 19:38:22.269,0.000013277,959354,sell,114428406
'2025-05-21 19:38:22.483,0.000013278,17097134,sell,114428408
'2025-05-21 19:38:22.603,0.000013277,26969673,sell,114428412
'2025-05-21 19:38:22.611,0.000013274,6000000,sell,114428413
'2025-05-21 19:38:24.212,0.000013283,25569673,sell,114428416
'2025-05-21 19:38:24.212,0.000013281,4430327,sell,114428417
'2025-05-21 19:38:24.212,0.000013281,7000000,sell,114428418
'2025-05-21 19:38:24.382,0.000013284,304416,sell,114428419
'2025-05-21 19:38:24.521,0.000013284,300000,sell,114428420
'2025-05-21 19:38:24.521,0.00001328,36700000,sell,114428421
'2025-05-21 19:38:24.874,0.000013284,25569673,sell,114428424
'2025-05-21 19:38:24.902,0.000013284,17097134,sell,114428426
'2025-05-21 19:38:24.941,0.000013283,5200191,sell,114428427
'2025-05-21 19:38:24.945,0.000013283,3097418,sell,114428428
'2025-05-21 19:38:24.945,0.000013282,26548610,sell,114428429
'2025-05-21 19:38:24.945,0.000013281,150000,sell,114428430
'2025-05-21 19:38:24.945,0.00001328,7846070,sell,114428431
'2025-05-21 19:38:25.381,0.000013282,3000000,sell,114428432
'2025-05-21 19:38:25.390,0.000013282,9400000,sell,114428433
'2025-05-21 19:38:27.082,0.000013284,9429756,buy,114428434
'2025-05-21 19:38:27.082,0.000013285,1932188,buy,114428436
'2025-05-21 19:38:27.084,0.000013287,3258482,buy,114428437
'2025-05-21 19:38:27.092,0.000013288,14900000,buy,114428438
'2025-05-21 19:38:27.176,0.000013288,26905280,sell,114428439
'2025-05-21 19:38:27.176,0.000013287,10694720,sell,114428440
'2025-05-21 19:38:27.195,0.000013288,26905280,sell,114428441
'2025-05-21 19:38:27.197,0.000013287,16210560,sell,114428442
'2025-05-21 19:38:27.202,0.000013288,26905280,sell,114428443
'2025-05-21 19:38:27.202,0.000013287,10844720,sell,114428445
'2025-05-21 19:38:27.238,0.000013286,37626519,sell,114428446
'2025-05-21 19:38:28.253,0.000013289,40346457,buy,114428447
'2025-05-21 19:38:28.269,0.000013289,2307314,sell,114428448
'2025-05-21 19:38:28.628,0.00001329,1582880,buy,114428450
'2025-05-21 19:38:28.628,0.000013291,50628,buy,114428451
'2025-05-21 19:38:28.653,0.000013289,164662392,sell,114428452
'2025-05-21 19:38:28.757,0.000013289,7437600,sell,114428453
'2025-05-21 19:38:28.758,0.000013289,8,sell,114428454
'2025-05-21 19:38:28.761,0.000013284,150001,sell,114428455
'2025-05-21 19:38:28.761,0.000013283,150000,sell,114428456
'2025-05-21 19:38:28.761,0.000013282,699999,sell,114428457
'2025-05-21 19:38:29.944,0.000013288,1176071,sell,114428458
'2025-05-21 19:38:30.082,0.000013287,37600000,sell,114428459
'2025-05-21 19:38:31.074,0.000013289,4539000,buy,114428460
'2025-05-21 19:38:31.082,0.000013289,92,buy,114428461
'2025-05-21 19:38:31.400,0.000013288,12700000,sell,114428462
'2025-05-21 19:38:31.402,0.000013284,150001,sell,114428463
'2025-05-21 19:38:31.402,0.000013283,2849999,sell,114428465
'2025-05-21 19:38:31.882,0.000013285,7592207,buy,114428466
'2025-05-21 19:38:32.090,0.000013286,49500000,buy,114428467
'2025-05-21 19:38:32.112,0.000013287,8297609,sell,114428468
'2025-05-21 19:38:32.112,0.000013286,30056901,sell,114428471
'2025-05-21 19:38:32.134,0.000013281,486303,sell,114428473
'2025-05-21 19:38:32.134,0.00001328,8513697,sell,114428474
'2025-05-21 19:38:33.095,0.000013281,252227,sell,114428475
'2025-05-21 19:38:33.095,0.00001328,37650573,sell,114428476
'2025-05-21 19:38:33.103,0.00001328,29,sell,114428477
'2025-05-21 19:38:34.445,0.000013286,484930,buy,114428478
'2025-05-21 19:38:34.445,0.000013288,300001,buy,114428480
'2025-05-21 19:38:34.445,0.000013289,24600000,buy,114428481
'2025-05-21 19:38:35.224,0.000013289,1052631,buy,114428483
'2025-05-21 19:38:35.403,0.000013286,7584614,sell,114428484
'2025-05-21 19:38:38.123,0.000013282,3206700,sell,114428485
'2025-05-21 19:38:38.202,0.000013282,26,sell,114428486
'2025-05-21 19:38:38.623,0.000013282,30000000,buy,114428487
'2025-05-21 19:38:38.847,0.000013285,7577600,buy,114428488
'2025-05-21 19:38:40.224,0.000013281,8115288,buy,114428489
'2025-05-21 19:38:40.823,0.000013283,49650000,buy,114428491
'2025-05-21 19:38:40.823,0.000013284,150000,buy,114428492
'2025-05-21 19:38:40.823,0.000013285,150000,buy,114428493
'2025-05-21 19:38:40.823,0.000013286,138189674,buy,114428497
'2025-05-21 19:38:41.302,0.000013288,300000,buy,114428499
'2025-05-21 19:38:41.302,0.000013289,150000,buy,114428500
'2025-05-21 19:38:41.302,0.00001329,31201476,buy,114428502
'2025-05-21 19:38:41.346,0.00001329,17097134,sell,114428504
'2025-05-21 19:38:41.437,0.000013287,944337,sell,114428506
'2025-05-21 19:38:41.442,0.000013285,14600000,sell,114428507
'2025-05-21 19:38:41.442,0.000013284,4225000,sell,114428508
'2025-05-21 19:38:41.442,0.000013284,37651000,sell,114428509
'2025-05-21 19:38:41.467,0.000013282,37600000,sell,114428510
'2025-05-21 19:38:41.606,0.000013282,7570023,sell,114428511
'2025-05-21 19:38:43.061,0.000013281,4700000,sell,114428512
'2025-05-21 19:38:43.061,0.000013279,896001,sell,114428514
'2025-05-21 19:38:43.061,0.000013278,25403999,sell,114428515
'2025-05-21 19:38:43.061,0.000013278,6000000,sell,114428516
'2025-05-21 19:38:43.438,0.000013283,1382600,buy,114428517
'2025-05-21 19:38:44.036,0.00001328,8469389,sell,114428519
'2025-05-21 19:38:44.537,0.000013284,7561314,buy,114428521
'2025-05-21 19:38:44.549,0.000013282,17097134,sell,114428523
'2025-05-21 19:38:44.676,0.000013282,337900,buy,114428524
'2025-05-21 19:38:46.114,0.000013283,30506662,buy,114428525
'2025-05-21 19:38:46.384,0.000013284,3911351,sell,114428526
'2025-05-21 19:38:47.095,0.000013281,75267198,sell,114428530
'2025-05-21 19:38:47.216,0.000013282,36436735,buy,114428531
'2025-05-21 19:38:47.216,0.000013282,299369461,buy,114428532
'2025-05-21 19:38:47.217,0.000013282,16275664,buy,114428533
'2025-05-21 19:38:47.217,0.000013282,13272485,buy,114428534
'2025-05-21 19:38:47.257,0.000013287,21980130,sell,114428535
'2025-05-21 19:38:47.257,0.000013287,13222759,sell,114428537
'2025-05-21 19:38:47.293,0.000013287,21980130,sell,114428538
'2025-05-21 19:38:47.302,0.000013287,4815228,sell,114428539
'2025-05-21 19:38:47.345,0.000013288,19575918,buy,114428541
'2025-05-21 19:38:47.345,0.000013288,41982161,buy,114428544
'2025-05-21 19:38:47.346,0.000013288,16579947,buy,114428546
'2025-05-21 19:38:47.390,0.000013288,57861974,buy,114428549
'2025-05-21 19:38:47.390,0.000013291,150001,buy,114428550
'2025-05-21 19:38:47.390,0.000013292,45470680,buy,114428553
'2025-05-21 19:38:47.390,0.000013293,8106545,buy,114428555
'2025-05-21 19:38:47.390,0.000013294,68285514,buy,114428562
'2025-05-21 19:38:47.390,0.000013295,4637026,buy,114428565
'2025-05-21 19:38:47.390,0.000013296,17853260,buy,114428568
'2025-05-21 19:38:47.404,0.000013288,37600000,sell,114428569
'2025-05-21 19:38:47.470,0.000013292,49500000,buy,114428570
'2025-05-21 19:38:47.470,0.000013293,2705031,buy,114428572
'2025-05-21 19:38:47.470,0.000013294,94650000,buy,114428575
'2025-05-21 19:38:47.470,0.000013295,3556707,buy,114428577
'2025-05-21 19:38:47.470,0.000013296,54894765,buy,114428580
'2025-05-21 19:38:47.492,0.000013295,17097134,sell,114428582
'2025-05-21 19:38:47.673,0.000013294,3008876,buy,114428584
'2025-05-21 19:38:48.348,0.00001329,7553752,sell,114428585
'2025-05-21 19:38:49.052,0.000013292,2000000,sell,114428586
'2025-05-21 19:38:49.235,0.000013292,6600000,sell,114428587
'2025-05-21 19:38:49.235,0.000013289,150000,sell,114428588
'2025-05-21 19:38:49.235,0.000013288,30250000,sell,114428589
'2025-05-21 19:38:49.240,0.000013288,150000,sell,114428590
'2025-05-21 19:38:49.240,0.000013287,548619,sell,114428592
'2025-05-21 19:38:49.240,0.000013286,301381,sell,114428593
'2025-05-21 19:38:49.265,0.000013287,37600000,sell,114428594
'2025-05-24 12:17:25.247,0.000013908,43147281,buy,115144701
'2025-05-24 12:17:25.323,0.000013908,39420554,sell,115144703
'2025-05-24 12:17:25.861,0.000013907,35949239,sell,115144704
'2025-05-24 12:17:25.861,0.000013905,38700000,sell,115144705
'2025-05-24 12:17:25.879,0.000013905,19428325,buy,115144706
'2025-05-24 12:17:27.231,0.000013903,8869331,sell,115144708
'2025-05-24 12:17:31.964,0.000013907,1437202,sell,115144709
'2025-05-24 12:17:32.198,0.00001391,19204516,buy,115144710
'2025-05-24 12:17:43.459,0.000013918,600000,sell,115144711
'2025-05-24 12:17:44.162,0.000013917,148428756,sell,115144712
'2025-05-24 12:17:44.163,0.000013917,67080165,sell,115144714
'2025-05-24 12:17:44.166,0.000013916,10778184,sell,115144715
'2025-05-24 12:17:46.130,0.000013912,12952216,buy,115144716
'2025-05-24 12:17:46.130,0.000013914,8640827,buy,115144717
'2025-05-24 12:17:47.852,0.000013916,12952216,buy,115144718
'2025-05-24 12:17:47.852,0.000013917,94151285,buy,115144722
'2025-05-24 12:17:47.852,0.000013918,33262194,buy,115144724
'2025-05-24 12:17:53.195,0.000013918,1499897,buy,115144725
'2025-05-24 12:17:55.047,0.00001392,140130006,buy,115144726
'2025-05-24 12:17:55.048,0.00001392,27532325,buy,115144727
'2025-05-24 12:17:55.048,0.00001392,11973577,buy,115144728
'2025-05-24 12:17:59.344,0.000013922,1200000,sell,115144729
'2025-05-24 12:17:59.344,0.000013921,179528494,sell,115144730
'2025-05-24 12:18:01.075,0.000013916,12952216,buy,115144731
'2025-05-24 12:18:02.084,0.000013918,29155042,buy,115144732
'2025-05-24 12:18:02.084,0.00001392,157361182,buy,115144734
'2025-05-24 12:18:02.085,0.000013921,71849402,buy,115144736
'2025-05-24 12:18:02.086,0.000013922,71849402,buy,115144738
'2025-05-24 12:18:02.087,0.000013923,2267918,buy,115144739
'2025-05-24 12:18:02.090,0.000013924,13000000,buy,115144740
'2025-05-24 12:18:02.090,0.000013924,13000000,buy,115144741
'2025-05-24 12:18:06.679,0.000013928,300000,buy,115144742
'2025-05-24 12:18:07.282,0.00001393,5400000,buy,115144743
'2025-05-24 12:18:10.559,0.000013929,200000,sell,115144744
'2025-05-24 12:18:10.559,0.000013928,179439364,sell,115144745
'2025-05-24 12:18:11.548,0.00001393,1104232,buy,115144746
'2025-05-24 12:18:12.267,0.000013929,100000,sell,115144747
'2025-05-24 12:18:16.995,0.000013929,100000,buy,115144749
'2025-05-24 12:18:19.081,0.000013928,1650876,sell,115144750
'2025-05-24 12:18:19.823,0.000013929,2585694,buy,115144751
'2025-05-24 12:18:19.827,0.000013929,1,buy,115144752
'2025-05-24 12:18:24.036,0.000013931,12771625,sell,115144753
'2025-05-24 12:18:24.036,0.00001393,137845261,sell,115144755
'2025-05-24 12:18:25.118,0.000013938,8250169,buy,115144756
'2025-05-24 12:18:25.161,0.00001394,445914,buy,115144757
'2025-05-24 12:18:25.161,0.000013941,150000,buy,115144758
'2025-05-24 12:18:25.161,0.000013942,150000,buy,115144759
'2025-05-24 12:18:25.161,0.000013943,17575423,buy,115144761
'2025-05-24 12:18:25.162,0.000013943,11246096,buy,115144763
'2025-05-24 12:18:25.162,0.000013944,230034853,buy,115144768
'2025-05-24 12:18:25.162,0.000013945,54309017,buy,115144772
'2025-05-24 12:18:25.162,0.000013945,308318305,buy,115144773
'2025-05-24 12:18:25.167,0.000013945,63569292,buy,115144775
'2025-05-24 12:18:25.167,0.000013946,28521518,buy,115144776
'2025-05-24 12:18:25.167,0.000013947,67418997,buy,115144779
'2025-05-24 12:18:25.187,0.000013947,12771600,sell,115144780
'2025-05-24 12:18:25.187,0.000013947,25,sell,115144781
'2025-05-24 12:18:25.247,0.000013946,12771625,sell,115144782
'2025-05-24 12:18:26.247,0.000013945,62867776,sell,115144784
'2025-05-24 12:18:29.082,0.000013945,200000,sell,115144785
'2025-05-24 12:18:33.142,0.000013943,12771625,sell,115144786
'2025-05-24 12:18:33.142,0.000013942,179412951,sell,115144788
'2025-05-24 12:18:33.142,0.000013941,175023182,sell,115144792
'2025-05-24 12:18:33.142,0.00001394,344466326,sell,115144796
'2025-05-24 12:18:34.398,0.000013944,2331818,buy,115144797
'2025-05-24 12:18:35.649,0.00001394,31552375,sell,115144799
'2025-05-24 12:18:35.649,0.00001394,147827251,sell,115144800
'2025-05-24 12:18:37.610,0.000013939,179297820,sell,115144801
'2025-05-24 12:18:38.331,0.000013937,6575645,buy,115144802
'2025-05-24 12:18:41.911,0.00001393,17938121,sell,115144804
'2025-05-24 12:18:43.249,0.000013933,12952216,buy,115144805
'2025-05-24 12:18:43.249,0.000013934,24727243,buy,115144807
'2025-05-24 12:18:43.249,0.000013935,82074143,buy,115144811
'2025-05-24 12:18:43.249,0.000013936,201581264,buy,115144816
'2025-05-24 12:18:43.272,0.000013931,14495920,sell,115144818
'2025-05-24 12:18:47.138,0.000013937,3369711,buy,115144819
'2025-05-24 12:18:48.539,0.000013933,104428,buy,115144820
'2025-05-24 12:18:50.558,0.000013934,500000,sell,115144821
'2025-05-24 12:18:50.573,0.00001393,10000000,sell,115144822
'2025-05-24 12:18:50.682,0.00001393,19428325,buy,115144823
'2025-05-24 12:18:51.695,0.000013931,300000,sell,115144825
'2025-05-24 12:18:51.695,0.000013929,1867987,sell,115144826
'2025-05-24 12:18:51.736,0.000013924,10000000,sell,115144827
'2025-05-24 12:18:51.737,0.000013924,10000000,sell,115144828
'2025-05-24 12:18:51.738,0.000013924,10000000,sell,115144829
'2025-05-24 12:18:51.741,0.000013924,229087,sell,115144830
'2025-05-24 12:18:51.741,0.000013923,9770913,sell,115144831
'2025-05-24 12:18:51.750,0.000013923,10000000,sell,115144832
'2025-05-24 12:18:51.756,0.000013923,10000000,sell,115144834
'2025-05-24 12:18:52.651,0.000013925,5422187,buy,115144835
'2025-05-24 12:18:53.631,0.000013923,15047532,sell,115144836
'2025-05-24 12:18:55.185,0.000013922,29155042,sell,115144837
'2025-05-24 12:18:55.185,0.000013921,57683259,sell,115144840
'2025-05-24 12:18:55.188,0.000013921,22246109,sell,115144841
'2025-05-24 12:18:55.190,0.000013921,257395281,sell,115144843
'2025-05-24 12:18:55.318,0.000013911,35942779,buy,115144844
'2025-05-24 12:18:55.869,0.00001391,1714755,sell,115144846
'2025-05-24 12:18:55.967,0.000013908,2000000,sell,115144847
'2025-05-24 12:18:56.318,0.000013908,7993672,sell,115144848
'2025-05-24 12:18:56.319,0.000013908,787611,sell,115144849
'2025-05-24 12:19:02.201,0.00001392,179634617,buy,115144850
'2025-05-24 12:19:06.413,0.000013926,3590406,buy,115144851
'2025-05-24 12:19:06.413,0.000013927,78718064,buy,115144855
'2025-05-24 12:19:06.413,0.000013927,34097142,buy,115144857
'2025-05-24 12:19:06.841,0.000013924,1000000,sell,115144858
'2025-05-24 12:19:07.138,0.000013921,5201361,buy,115144859
'2025-05-24 12:19:18.305,0.000013923,12771625,sell,115144860
'2025-05-24 12:19:18.829,0.000013923,3591180,buy,115144861
'2025-05-24 12:19:18.829,0.000013924,14631161,buy,115144863
'2025-05-24 12:19:20.095,0.00001392,200000,buy,115144864
'2025-05-24 12:19:20.331,0.00001392,89635019,buy,115144867
'2025-05-24 12:19:20.332,0.00001392,25170539,buy,115144868
'2025-05-24 12:19:20.334,0.00001392,65622816,buy,115144869
'2025-05-24 12:19:23.061,0.000013928,43090748,buy,115144870
'2025-05-24 12:19:23.075,0.000013929,43082936,buy,115144871
'2025-05-24 12:19:23.144,0.000013931,1998400,sell,115144872
'2025-05-24 12:19:23.151,0.000013931,17159038,sell,115144873
'2025-05-24 12:19:23.151,0.000013929,42455858,sell,115144875
'2025-05-24 12:19:24.037,0.000013931,12766495,sell,115144876
'2025-05-24 12:19:24.534,0.000013935,2575326,buy,115144877
'2025-05-24 12:19:24.664,0.000013936,38700000,buy,115144878
'2025-05-24 12:19:24.664,0.000013937,150000,buy,115144879
'2025-05-24 12:19:24.664,0.000013938,4068454,buy,115144880
'2025-05-24 12:19:26.646,0.000013936,718339,sell,115144881
'2025-05-24 12:19:26.857,0.000013939,7174115,buy,115144882
'2025-05-24 12:19:27.728,0.000013938,200000,sell,115144883
'2025-05-24 12:19:29.298,0.000013938,100000,sell,115144884
'2025-05-24 12:19:31.280,0.000013933,89635019,sell,115144885
'2025-05-24 12:19:31.978,0.000013932,3383286,sell,115144886
'2025-05-24 12:19:31.978,0.000013931,179398803,sell,115144887
'2025-05-24 12:19:36.098,0.000013927,12952216,buy,115144888
'2025-05-24 12:19:36.098,0.000013928,11099904,buy,115144889
'2025-05-24 12:19:43.535,0.000013931,54000000,sell,115144892
'2025-05-24 12:19:43.537,0.000013932,81621350,buy,115144893
'2025-05-24 12:19:48.321,0.000013937,12771625,sell,115144894
'2025-05-24 12:19:48.321,0.000013936,1000000,sell,115144895
'2025-05-24 12:19:48.368,0.000013935,2300000,buy,115144896
'2025-05-24 12:19:58.819,0.000013938,200000,sell,115144897
'2025-05-24 12:19:59.426,0.000013937,26967919,buy,115144898
'2025-05-24 12:20:00.147,0.00001394,3341607,buy,115144899
'2025-05-24 12:20:06.031,0.000013938,4700000,sell,115144900
'2025-05-24 12:20:06.031,0.000013937,40267746,sell,115144901
'2025-05-24 12:20:06.031,0.000013937,139056034,sell,115144902
'2025-05-24 12:20:07.177,0.00001393,214757,sell,115144903
'2025-05-24 12:20:11.262,0.00001393,21536253,sell,115144905
'2025-05-24 12:20:11.881,0.000013931,2222445,buy,115144906
'2025-05-24 12:20:12.405,0.000013935,41090347,buy,115144907
'2025-05-24 12:20:19.157,0.000013939,54137657,sell,115144909
'2025-05-24 12:20:19.167,0.000013939,60506484,buy,115144910
'2025-05-24 12:20:23.485,0.00001395,121129,buy,115144911
'2025-05-24 12:20:25.568,0.00001395,3586554,buy,115144913
'2025-05-24 12:20:25.954,0.000013955,1068465,buy,115144914
'2025-05-24 12:20:28.954,0.000013961,4600000,sell,115144915
'2025-05-24 12:20:28.977,0.000013955,244644730,sell,115144916
'2025-05-24 12:20:29.022,0.000013955,1135544003,sell,115144917
'2025-05-24 12:20:29.043,0.000013955,190788628,sell,115144918
'2025-05-24 12:20:29.043,0.000013955,147343148,sell,115144919
'2025-05-24 12:20:29.067,0.000013955,58066261,sell,115144921
'2025-05-24 12:20:29.068,0.00001395,36000000,sell,115144922
'2025-05-24 12:20:29.070,0.00001395,25556506,sell,115144925
'2025-05-24 12:20:29.070,0.000013949,28671518,sell,115144927
'2025-05-24 12:20:29.070,0.000013948,1771976,sell,115144929
'2025-05-24 12:20:29.070,0.000013948,9000000,sell,115144930
'2025-05-24 12:20:29.070,0.000013948,28521518,sell,115144931
'2025-05-24 12:20:29.070,0.000013947,27478482,sell,115144933
'2025-05-24 12:20:29.380,0.000013951,9000661,buy,115144934
'2025-05-24 12:20:33.720,0.000013949,200000,sell,115144935
'2025-05-24 12:20:36.561,0.000013948,863637,sell,115144936
'2025-05-24 12:20:44.118,0.000013955,168521518,buy,115144938
'2025-05-24 12:20:46.123,0.000013957,83948179,buy,115144941
'2025-05-24 12:20:46.136,0.000013957,16051821,buy,115144942
'2025-05-24 12:20:49.796,0.00001396,12771625,sell,115144943
'2025-05-24 12:20:51.024,0.000013955,26967919,buy,115144944
'2025-05-24 12:20:52.081,0.000013956,907200,sell,115144945
'2025-05-24 12:20:52.206,0.000013956,11145590,sell,115144946
'2025-05-24 12:20:53.380,0.000013956,10621975,sell,115144947
'2025-05-24 12:20:53.380,0.000013956,28078025,sell,115144948
'2025-05-24 12:20:53.380,0.000013955,92503133,sell,115144952
'2025-05-24 12:20:53.380,0.000013954,62583681,sell,115144955
'2025-05-24 12:20:53.380,0.000013953,133912787,sell,115144959
'2025-05-24 12:20:53.380,0.000013952,125549585,sell,115144962
'2025-05-24 12:20:53.380,0.000013951,362242243,sell,115144967
'2025-05-24 12:20:53.380,0.00001395,390482699,sell,115144975
'2025-05-24 12:20:53.380,0.000013949,1164284216,sell,115144984
'2025-05-24 12:20:53.380,0.000013948,224106379,sell,115144990
'2025-05-24 12:20:53.380,0.000013947,180883032,sell,115144996
'2025-05-24 12:20:53.384,0.000013946,42969420,sell,115144997
'2025-05-24 12:20:53.387,0.000013947,32800000,buy,115144999
'2025-05-24 12:20:53.387,0.000013946,15884389,buy,115145000
'2025-05-24 12:20:53.387,0.000013946,4193954,buy,115145001
'2025-05-24 12:20:53.392,0.000013946,11911943,buy,115145003
'2025-05-24 12:20:53.394,0.000013944,20000000,sell,115145005
'2025-05-24 12:20:53.399,0.000013946,1949257,buy,115145006
'2025-05-24 12:20:53.400,0.000013945,1400990,sell,115145007
'2025-05-24 12:20:53.400,0.000013943,150000,sell,115145008
'2025-05-24 12:20:53.400,0.000013942,18449010,sell,115145010
'2025-05-24 12:20:53.404,0.000013945,20000000,sell,115145012
'2025-05-24 12:20:53.404,0.000013945,19498846,sell,115145013
'2025-05-24 12:20:53.404,0.000013942,501154,sell,115145014
'2025-05-24 12:20:53.410,0.000013945,10000000,sell,115145015
'2025-05-24 12:20:53.411,0.000013945,10000000,sell,115145016
'2025-05-24 12:20:53.413,0.000013945,1034504,sell,115145017
'2025-05-24 12:20:53.413,0.000013943,8965496,sell,115145018
'2025-05-24 12:20:54.743,0.000013953,10564993,buy,115145019
'2025-05-24 12:20:57.343,0.000013955,55914937,buy,115145021
'2025-05-24 12:20:57.343,0.000013956,38700000,buy,115145022
'2025-05-24 12:20:57.343,0.000013957,63348103,buy,115145025
'2025-05-24 12:20:57.343,0.000013958,58216808,buy,115145028
'2025-05-24 12:20:57.343,0.000013959,220838989,buy,115145035
'2025-05-24 12:21:00.161,0.000013952,1899423,sell,115145036
'2025-05-24 12:21:00.163,0.000013951,150000,sell,115145037
'2025-05-24 12:21:00.164,0.00001395,39276304,sell,115145040
'2025-05-24 12:21:00.167,0.00001395,27700000,sell,115145041
'2025-05-24 12:21:00.930,0.000013944,7135721,buy,115145042
'2025-05-24 12:21:04.938,0.00001395,1712953,sell,115145043
'2025-05-24 12:21:07.584,0.00001395,20000000,buy,115145044
'2025-05-24 12:21:07.584,0.000013951,29200193,buy,115145045
'2025-05-24 12:21:07.584,0.000013952,37898790,buy,115145047
'2025-05-24 12:21:07.586,0.000013952,3059357,buy,115145049
'2025-05-24 12:21:07.586,0.000013953,98229437,buy,115145052
'2025-05-24 12:21:07.586,0.000013954,103628887,buy,115145055
'2025-05-24 12:21:07.586,0.000013955,94630880,buy,115145059
'2025-05-24 12:21:07.586,0.000013955,29354630,buy,115145060
'2025-05-24 12:21:07.587,0.000013956,126956277,buy,115145061
'2025-05-24 12:21:07.587,0.000013956,98771567,buy,115145062
'2025-05-24 12:21:07.587,0.000013956,70099031,buy,115145063
'2025-05-24 12:21:07.589,0.000013956,1873125,buy,115145064
'2025-05-24 12:21:07.589,0.000013957,35837155,buy,115145065
'2025-05-24 12:21:07.589,0.000013959,28830557,buy,115145067
'2025-05-24 12:21:07.589,0.00001396,165845623,buy,115145071
'2025-05-24 12:21:07.597,0.00001396,36798500,sell,115145073
'2025-05-24 12:21:07.597,0.00001396,41,sell,115145074
'2025-05-24 12:21:07.626,0.000013957,25818930,sell,115145077
'2025-05-24 12:21:07.626,0.000013956,4181070,sell,115145078
'2025-05-24 12:21:18.342,0.000013949,4734264,buy,115145079
'2025-05-24 12:21:27.683,0.000013961,24532360,sell,115145081
'2025-05-24 12:21:29.354,0.000013954,154877572,buy,115145083
'2025-05-24 12:21:30.071,0.000013958,2870375,buy,115145085
'2025-05-24 12:21:32.266,0.000013962,202760,buy,115145086
'2025-05-24 12:21:32.363,0.000013966,7160246,buy,115145087
'2025-05-24 12:21:35.106,0.000013963,272454750,buy,115145088
'2025-05-24 12:21:36.397,0.000013964,2402578,buy,115145089
'2025-05-24 12:21:38.022,0.000013963,178983792,sell,115145090
'2025-05-24 12:21:44.547,0.000013959,93216483,buy,115145091
'2025-05-24 12:21:44.547,0.000013959,68735583,buy,115145092
'2025-05-24 12:21:44.552,0.000013959,14457270,buy,115145093
'2025-05-24 12:21:44.592,0.000013959,24498086,buy,115145094
'2025-05-24 12:21:46.781,0.000013968,16681855,buy,115145097
'2025-05-24 12:21:46.788,0.000013969,200568,buy,115145098
'2025-05-24 12:21:53.287,0.00001397,21278088,buy,115145100
'2025-05-24 12:21:54.247,0.00001397,212697778,sell,115145101
'2025-05-24 12:21:54.247,0.00001397,40059450,sell,115145102
'2025-05-24 12:21:54.252,0.000013969,22278480,sell,115145103
'2025-05-24 12:21:54.262,0.000013969,27977951,sell,115145104
'2025-05-24 12:21:54.262,0.000013969,27977951,sell,115145105
'2025-05-24 12:21:54.269,0.000013969,34972438,sell,115145106
'2025-05-24 12:21:57.175,0.000013966,178499313,sell,115145107
'2025-05-24 12:21:57.175,0.000013966,452164,sell,115145108
'2025-05-24 12:21:57.178,0.000013965,29187608,sell,115145109
'2025-05-24 12:21:58.150,0.000013964,28680557,buy,115145110
'2025-05-24 12:21:58.150,0.000013965,2908304,buy,115145111
'2025-05-24 12:22:02.400,0.000013961,10737294,sell,115145112
'2025-05-24 12:22:02.404,0.00001396,7158196,sell,115145113
'2025-05-24 12:22:02.404,0.000013959,150000,sell,115145114
'2025-05-24 12:22:02.407,0.000013958,29312246,sell,115145116
'2025-05-24 12:22:02.827,0.000013956,85375329,buy,115145117
'2025-05-24 12:22:02.828,0.000013956,80645395,buy,115145118
'2025-05-24 12:22:02.828,0.000013956,51512275,buy,115145119
'2025-05-24 12:22:02.830,0.000013957,38597733,buy,115145120
'2025-05-24 12:22:02.830,0.000013957,95733745,buy,115145121
'2025-05-24 12:22:05.991,0.000013968,24532360,sell,115145123
'2025-05-24 12:22:06.083,0.000013968,26744812,buy,115145124
'2025-05-24 12:22:06.083,0.000013969,11955188,buy,115145125
'2025-05-24 12:22:07.977,0.000013969,7158708,buy,115145126
'2025-05-24 12:22:10.038,0.00001397,585419,buy,115145128
'2025-05-24 12:22:13.033,0.000013974,31580800,buy,115145130
'2025-05-24 14:48:03.663,0.000013914,1200000,buy,115154362
'2025-05-24 14:48:04.430,0.000013909,18727693,buy,115154363
'2025-05-24 14:48:06.226,0.000013909,3593502,buy,115154364
'2025-05-24 14:48:06.367,0.000013909,15134191,buy,115154365
'2025-05-24 14:48:06.367,0.00001391,20795673,buy,115154367
'2025-05-24 14:48:07.902,0.000013908,10991299,sell,115154369
'2025-05-24 14:48:07.905,0.000013908,505121,sell,115154370
'2025-05-24 14:48:08.086,0.000013907,17969583,sell,115154372
'2025-05-24 14:48:08.126,0.000013903,37700000,buy,115154373
'2025-05-24 14:48:08.251,0.000013903,6786633,buy,115154374
'2025-05-24 14:48:08.434,0.000013899,77558776,buy,115154375
'2025-05-24 14:48:14.766,0.000013905,3593502,buy,115154376
'2025-05-24 14:48:15.301,0.000013905,15134191,buy,115154377
'2025-05-24 14:48:15.301,0.000013906,38850001,buy,115154379
'2025-05-24 14:48:15.301,0.000013907,69482396,buy,115154383
'2025-05-24 14:48:15.301,0.000013908,69030795,buy,115154387
'2025-05-24 14:48:29.181,0.000013915,359324,buy,115154388
'2025-05-24 14:48:30.346,0.000013915,1000000,buy,115154389
'2025-05-24 14:48:30.362,0.000013913,20200000,sell,115154390
'2025-05-24 14:48:33.186,0.000013908,8274233,sell,115154391
'2025-05-24 14:48:38.906,0.000013903,25657142,buy,115154392
'2025-05-24 14:48:38.907,0.000013903,22264699,buy,115154393
'2025-05-24 14:48:42.361,0.000013905,1072020,sell,115154394
'2025-05-24 14:48:42.465,0.000013908,7551989,buy,115154395
'2025-05-24 14:48:42.465,0.000013908,17371037,buy,115154396
'2025-05-24 14:48:42.478,0.00001391,179675756,buy,115154397
'2025-05-24 14:48:45.884,0.000013914,28300000,sell,115154399
'2025-05-24 14:48:57.047,0.000013905,91795198,buy,115154401
'2025-05-24 14:49:00.468,0.000013905,800000,sell,115154402
'2025-05-24 14:49:00.832,0.000013903,968150,sell,115154403
'2025-05-24 14:49:01.471,0.000013902,197176,buy,115154404
'2025-05-24 14:49:02.797,0.000013905,501748,buy,115154405
'2025-05-24 14:49:06.503,0.0000139,30986792,buy,115154406
'2025-05-24 14:49:07.364,0.000013906,600000,sell,115154407
'2025-05-24 14:49:09.362,0.000013903,32506604,buy,115154408
'2025-05-24 14:49:09.604,0.000013905,32506604,buy,115154409
'2025-05-24 14:49:09.604,0.000013909,359350,buy,115154411
'2025-05-24 14:49:14.574,0.000013904,31097841,buy,115154412
'2025-05-24 14:49:16.453,0.000013906,4024531,buy,115154413
'2025-05-24 14:49:16.847,0.000013914,980259,buy,115154414
'2025-05-24 14:49:20.584,0.000013912,27970077,buy,115154415
'2025-05-24 14:49:21.039,0.000013913,8900000,buy,115154416
'2025-05-24 14:49:22.330,0.000013912,17153632,sell,115154419
'2025-05-24 14:49:24.285,0.000013912,21559669,buy,115154420
'2025-05-24 14:49:24.285,0.000013913,86256469,buy,115154422
'2025-05-24 14:49:24.993,0.000013914,997580,sell,115154423
'2025-05-24 14:49:25.019,0.000013917,48725416,buy,115154425
'2025-05-24 14:49:25.019,0.000013918,136332925,buy,115154429
'2025-05-24 14:49:25.019,0.000013919,57291004,buy,115154432
'2025-05-24 14:49:28.435,0.000013913,357251,sell,115154433
'2025-05-24 14:49:28.974,0.000013913,900000,sell,115154434
'2025-05-24 14:50:12.017,0.000013904,16846079,sell,115154452
'2025-05-24 14:50:14.921,0.000013904,1128929,sell,115154453
'2025-05-24 14:50:14.921,0.000013903,7191657,sell,115154454
'2025-05-24 14:50:15.764,0.0000139,500000,sell,115154456
'2025-05-24 14:50:16.724,0.0000139,207547569,buy,115154458
